Image Name,Encoding
b379f83e-258a-4f1c-990b-b45759eb9f66,"[-0.27833477  0.06465977  0.11229175  0.00176984 -0.01226616 -0.07115953
  0.00190084 -0.08210889  0.12641037 -0.05103357  0.29673564 -0.03541261
 -0.26257753 -0.07789465  0.02602833  0.16866527 -0.11870778 -0.10957412
 -0.07315838 -0.06671952  0.02982709 -0.04782084 -0.02463608  0.08074499
 -0.08399288 -0.33698866 -0.06388752 -0.0809273  -0.02945662 -0.10915066
 -0.031982   -0.00673779 -0.21748319 -0.08772257 -0.00706728  0.10402764
 -0.05108798 -0.01112558  0.14246961 -0.02734936 -0.17437024 -0.01668565
  0.05014998  0.27235049  0.16305928  0.0966477  -0.04901525 -0.0806286
  0.03368451 -0.27929914  0.07513855  0.14315996  0.15286949  0.03987883
 -0.00404483 -0.19678034  0.04066603  0.06503339 -0.23940104  0.06610575
  0.08128344 -0.07685139 -0.05399502  0.0082982   0.26481766  0.15483651
 -0.19863646 -0.05738778  0.10299174 -0.09092642  0.01951592  0.0418243
 -0.14516598 -0.30563411 -0.33121032  0.13448463  0.38183019  0.1000118
 -0.20838371 -0.00180394 -0.11495999  0.03380287  0.06720904  0.07593137
 -0.10800496 -0.04168472 -0.09877971  0.04037547  0.12102327  0.03910321
 -0.06556359  0.20294663 -0.01838103  0.01214199  0.00768302  0.09884744
 -0.05140851 -0.0451524  -0.15944242 -0.04494306  0.04563175 -0.04103929
 -0.00038329  0.08729914 -0.20087676  0.1283488   0.05281087 -0.00753267
 -0.00432162  0.00189406 -0.14635278 -0.03893472  0.09604064 -0.2532399
  0.26329604  0.2264514   0.08356141  0.15009822  0.12755416  0.00211905
  0.03022743 -0.01507098 -0.13919114 -0.00627178  0.10706067 -0.03922906
  0.12267455  0.03589844]"
